sensor,rows,duplicates,n_implausible,n_ab_total,n_ab_highband,n_ab_lowband,n_highband,pct_ab_highband,n_flatline,n_zero_run,pct_flatline,n_clean,pct_clean,pct_ab_flag,pm_a_max_raw,pm_a_max_clean
SL018_East_Ardsley_A650,632321,0,17874,320028,197439,122589,201755,97.9,0,28153,0.0,312293,49.4,50.6,3398.8,493.9
SL008_Westgate_Primary,771477,3,857,256996,171864,85132,175755,97.8,0,78424,0.0,514481,66.7,33.3,3333.0,220.5
SL037,911308,3,739512,765224,759496,5728,777328,97.7,0,9596,0.0,145904,16.0,84.0,3407.9,344.6
SL030,12491,0,0,3159,2850,309,3029,94.1,0,4449,0.0,9332,74.7,25.3,72.6,40.4
SL011,832625,18,455,290382,174112,116270,187920,92.7,0,89250,0.0,542243,65.1,34.9,1429.1,656.5
SL001_Sunnyview_Terrace,1038040,38,173199,468718,343512,125206,375711,91.4,0,68969,0.0,569321,54.8,45.2,3402.1,731.3
SL026,962780,0,0,395263,193302,201961,213701,90.5,0,113939,0.0,567517,58.9,41.1,409.5,409.5
SL044,863374,6,106654,320799,257772,63027,284911,90.5,0,69923,0.0,542575,62.8,37.2,3394.8,285.1
SL062,652502,6,0,251698,99581,152117,112053,88.9,0,98702,0.0,400804,61.4,38.6,606.2,443.4
SL031,37125,0,0,12293,5282,7011,6124,86.3,0,6705,0.0,24832,66.9,33.1,73.0,54.6
SL057,28839,18,0,7281,5064,2217,5896,85.9,0,4879,0.0,21558,74.8,25.2,85.0,64.8
SL023_Nelson_Street_Otley,276076,8,0,65776,52186,13590,61017,85.5,0,10199,0.0,210300,76.2,23.8,372.1,269.6
SL021_Kippax_Church_Lane,591314,3,83662,209126,184343,24783,217335,84.8,0,13952,0.0,382188,64.6,35.4,3332.9,144.0
SL034,592467,5,114952,241433,205467,35966,245304,83.8,0,27971,0.0,351034,59.2,40.8,3396.9,531.2
SL045,302522,0,0,71670,57381,14289,68808,83.4,0,21769,0.0,230852,76.3,23.7,552.9,447.3
SL025_-_Oakwood,974728,15,0,251160,177264,73896,215921,82.1,0,81963,0.0,723568,74.2,25.8,747.6,193.9
SL006,1061402,6,0,261211,185898,75313,235416,79.0,0,74653,0.0,800191,75.4,24.6,330.8,307.5
SL028,94404,3,0,17272,13543,3729,17237,78.6,0,17102,0.0,77132,81.7,18.3,177.4,106.1
SL032,188838,3,0,58422,38068,20354,48483,78.5,0,5600,0.0,130416,69.1,30.9,360.3,105.8
SL056,542015,6,1,126734,101742,24992,140331,72.5,0,11732,0.0,415281,76.6,23.4,1115.3,531.9
SL035,693867,9,165685,211754,206328,5426,291097,70.9,0,35273,0.0,482113,69.5,30.5,602.5,258.8
SL007_Ninelands_Primary,1050937,15,42466,231385,191127,40258,270670,70.6,0,77645,0.0,819552,78.0,22.0,3333.0,357.5
SL055,427263,17,2,85144,70219,14925,101880,68.9,0,30520,0.0,342119,80.1,19.9,2366.2,477.2
SL003_Corn_Exchange_Cabinet,575919,18,0,183762,112344,71418,169460,66.3,0,2330,0.0,392157,68.1,31.9,633.4,633.4
SL042,770036,0,1288,201201,135151,66050,206629,65.4,0,41607,0.0,568835,73.9,26.1,640.5,396.8
SL040,668703,0,25,133314,100197,33117,156187,64.2,0,59330,0.0,535389,80.1,19.9,686.2,426.0
SL020,635023,3,31770,116166,102468,13698,160716,63.8,0,33467,0.0,518857,81.7,18.3,3405.2,235.0
SL060,41545,15,0,9646,7026,2620,11164,62.9,0,1345,0.0,31899,76.8,23.2,92.8,73.6
SL050,743299,15,427,114955,98350,16605,163650,60.1,0,93813,0.0,628344,84.5,15.5,3332.1,188.0
SL016_Scholes_Main_Street,735040,6,2,105978,84174,21804,141584,59.5,0,139104,0.0,629062,85.6,14.4,416.3,416.3
SL_017_-_Boston_Spa_Town_Centre,470878,3,0,84191,62932,21259,106562,59.1,0,16154,0.0,386687,82.1,17.9,361.9,361.9
SL041,318940,0,0,53664,43730,9934,75919,57.6,0,8463,0.0,265276,83.2,16.8,412.9,266.4
SL009,168047,0,0,41278,20971,20307,36754,57.1,0,29917,0.0,126769,75.4,24.6,82.7,77.2
SL027_-_SEE_Building_new,913329,3,1,158783,125364,33419,224390,55.9,0,68328,0.0,754546,82.6,17.4,343.9,322.8
SL029,190822,9,0,26833,20673,6160,38397,53.8,0,19430,0.0,163989,85.9,14.1,301.2,301.2
SL005_Kirkstall_Valley_Primary,523788,9,0,83330,47770,35560,95880,49.8,0,61666,0.0,440458,84.1,15.9,358.6,358.6
SL024_Wetherby_Town_Centre,1017322,0,5,119750,102539,17211,208883,49.1,0,81989,0.0,897572,88.2,11.8,3150.0,705.7
SL015_-_Garforth_Main_Street,417632,6,0,63039,53623,9416,110061,48.7,0,9343,0.0,354593,84.9,15.1,326.0,326.0
SL022_Church_Lane_Horsforth,507381,0,13009,67999,54583,13416,113195,48.2,0,32280,0.0,439382,86.6,13.4,1030.6,224.4
SL036,99069,0,0,11187,8894,2293,19752,45.0,0,13574,0.0,87882,88.7,11.3,154.1,154.1
SL033,404842,6,2,67078,41045,26033,92942,44.2,0,24973,0.0,337764,83.4,16.6,1552.3,241.7
SL012_Morley,934506,8,415,125942,97858,28084,228033,42.9,0,43467,0.0,808564,86.5,13.5,3326.0,306.2
SL019_Cornwall_Crescent_Rothwell,735362,9,40338,97913,87630,10283,206918,42.4,0,27079,0.0,637449,86.7,13.3,3404.5,377.8
SL054,80407,27,0,10227,7638,2589,19048,40.1,0,10227,0.0,70180,87.3,12.7,318.9,318.9
SL051,222994,15,0,27212,23788,3424,63903,37.2,0,45936,0.0,195782,87.8,12.2,271.4,135.8
SL068,266386,3,0,15425,10514,4911,29305,35.9,0,29298,0.0,250961,94.2,5.8,406.0,406.0
SL038,322612,0,0,27761,20412,7349,67712,30.1,0,22222,0.0,294851,91.4,8.6,443.6,443.6
