,SL001,SL003,SL005,SL006,SL007,SL008,SL009,SL011,SL012,SL015,SL016,SL017,SL018,SL019,SL020,SL021,SL022,SL023,SL024,SL025,SL026,SL027,SL028,SL029,SL032,SL033,SL034,SL035,SL036,SL037,SL038,SL040,SL041,SL042,SL044,SL045,SL050,SL051,SL054,SL055,SL056,SL062,SL068,network
2022-08-06 00:00:00+00:00,0.976,0.983,,,,,,,,,,,,,,,,,,,,,,,,,,,,,,,,,,,,,,,,0.983,0.996,0.983
2022-09-05 00:00:00+00:00,0.968,0.944,0.97,0.958,0.951,0.874,,,,,,,,,,,,,,,,,,,,,,,,,,,,,,,,,,,,0.95,0.958,0.954
2022-10-05 00:00:00+00:00,0.947,0.901,0.976,0.941,0.924,0.812,,0.937,,,,,,,,,,,,,,,,,,,,,,,,,,,,,,,,,,0.915,0.927,0.927
2022-11-04 00:00:00+00:00,0.889,0.792,,0.885,0.856,0.695,,0.884,,,,0.829,,,,,,,,,,,,,,,,,,,,,,,,,,,,,,0.889,0.874,0.874
2022-12-04 00:00:00+00:00,0.724,0.565,,0.755,0.752,0.547,,0.745,0.763,0.649,0.577,0.681,0.393,0.712,0.652,,0.719,0.723,0.761,,,0.662,,,,,,,,,,,,,,,,,,,,,,0.712
2023-01-03 00:00:00+00:00,0.672,0.489,,0.717,0.716,0.512,,0.702,0.724,0.633,0.532,0.603,0.366,0.69,0.675,,0.703,0.707,0.746,0.651,0.606,0.599,,,,,,,,,,,,,,,,,,,,,,0.672
2023-02-02 00:00:00+00:00,0.648,0.412,0.67,0.677,0.706,,,0.67,0.678,0.576,0.46,0.549,0.323,0.666,0.658,,0.64,0.669,0.693,0.6,0.613,0.525,,,,,,,,0.657,,,,,0.585,,,,,,,,,0.648
2023-03-04 00:00:00+00:00,0.701,0.436,0.7,0.729,0.746,,,0.675,0.696,0.586,0.525,0.585,0.4,0.708,,0.694,0.673,0.682,0.712,0.641,0.664,0.599,,,,,,0.768,,0.681,,,,,0.576,,,,,,,,,0.678
2023-04-03 00:00:00+00:00,0.785,0.495,0.745,0.751,0.79,,,0.741,0.74,0.626,0.613,0.657,0.516,0.734,,0.72,0.725,0.731,0.762,0.711,0.72,0.711,,,,,,0.802,,0.75,,,,,0.608,,,,,,,,,0.728
2023-05-03 00:00:00+00:00,0.829,0.634,0.854,,0.869,,0.836,0.842,0.816,0.735,0.828,0.741,0.659,0.798,0.896,,0.837,0.782,0.84,0.824,0.833,0.824,,0.885,,,,0.874,0.786,0.834,,,,,0.678,,,,,,,,,0.829
2023-06-02 00:00:00+00:00,,0.788,0.891,,0.911,0.702,,0.906,0.879,0.826,0.905,0.772,0.788,0.851,0.92,,0.901,0.852,0.917,0.899,0.887,0.893,,0.91,,,,0.919,0.853,0.901,,,,,,,,,,,,,,0.892
2023-07-02 00:00:00+00:00,,0.913,0.957,,0.963,0.845,,0.967,0.951,0.901,0.929,,0.912,0.927,0.949,,0.958,0.914,0.961,0.96,0.915,0.944,,0.948,,,,0.961,0.939,0.945,,,,,,,,,,,,,0.965,0.946
2023-08-01 00:00:00+00:00,,0.876,0.956,,0.969,0.895,,0.945,0.942,0.91,0.916,,0.78,0.931,0.942,,0.941,0.936,0.955,0.956,0.914,0.961,,0.964,0.911,,0.927,0.953,,0.933,,,,,0.85,,,,,,,,0.95,0.939
2023-08-31 00:00:00+00:00,,0.818,0.951,,0.948,0.893,,0.917,0.932,0.879,0.896,0.929,0.618,0.933,0.919,,0.923,0.94,0.94,0.939,0.895,0.963,,,0.907,0.903,0.928,0.937,,0.923,,0.922,,,0.859,,,,,,,,0.936,0.923
2023-09-30 00:00:00+00:00,,0.777,0.863,,,0.81,,0.844,0.883,0.824,0.876,0.898,0.441,0.889,0.889,0.814,0.866,0.892,0.891,0.906,0.867,,,0.815,0.88,0.779,0.899,0.892,,0.903,,0.885,,,0.816,,,,,0.877,,,0.9,0.877
2023-10-30 00:00:00+00:00,,0.713,0.818,,,0.736,,0.809,0.847,0.77,0.84,0.867,0.438,0.826,0.856,0.791,0.841,0.865,0.853,0.876,0.831,0.84,0.713,0.813,0.85,0.593,0.864,0.855,,,,0.859,,0.826,0.795,,,,,0.855,,,0.873,0.84
2023-11-29 00:00:00+00:00,,0.549,0.76,,,0.618,,0.742,0.73,0.646,0.682,0.762,0.405,0.689,0.762,0.707,0.763,0.761,0.755,0.78,0.717,0.758,0.598,0.729,0.778,0.338,0.754,0.757,,,,0.743,,0.709,0.668,,,,,0.769,0.588,,0.818,0.736
2023-12-29 00:00:00+00:00,,0.449,0.72,,0.657,0.553,,0.711,0.652,0.578,0.591,0.694,0.357,0.598,0.694,0.657,0.738,0.645,0.699,0.697,0.635,0.687,0.512,0.651,,,0.667,0.679,,,,0.651,0.607,0.65,0.552,,0.614,0.033,,0.698,0.573,,,0.651
2024-01-28 00:00:00+00:00,,0.404,0.717,,0.672,0.56,,,0.638,0.54,0.548,0.661,,0.596,0.67,0.657,,0.613,0.673,0.68,0.614,0.65,0.438,0.566,,0.338,0.643,0.664,,,,0.601,0.655,0.618,0.516,0.574,0.626,0.02,,0.672,0.603,,,0.616
2024-02-27 00:00:00+00:00,0.509,0.503,0.75,,0.754,0.61,,0.703,0.731,0.64,0.599,0.724,,0.678,0.759,0.729,,0.642,0.758,0.746,0.701,0.703,,,,0.557,0.708,0.752,,,,0.679,0.741,0.71,0.587,,0.643,,,0.744,0.674,,,0.703
2024-03-28 00:00:00+00:00,0.556,0.686,0.817,,0.813,0.691,0.822,0.765,0.772,0.679,0.682,0.78,,0.732,0.828,0.791,,,0.816,0.792,0.774,0.778,,,0.812,0.715,0.747,0.821,,,,0.773,0.809,0.753,0.67,,0.527,,,0.808,0.733,,,0.773
2024-04-27 00:00:00+00:00,0.711,0.624,0.845,,0.848,0.719,0.837,0.776,0.783,0.742,0.744,0.814,,0.771,0.857,0.799,,,0.832,0.788,0.808,0.788,,,0.816,0.827,,0.838,,,0.727,0.822,0.832,0.804,0.732,,0.293,,0.804,0.835,,,,0.804
2024-05-27 00:00:00+00:00,0.779,0.622,0.867,,0.854,0.761,0.866,0.784,0.809,0.782,0.828,0.836,,0.774,0.877,0.814,0.381,,0.85,0.805,0.824,0.817,,,0.84,0.846,,0.854,,,0.77,0.859,0.847,0.835,0.81,,0.279,,0.825,0.855,,,,0.825
2024-06-26 00:00:00+00:00,0.841,,0.891,,0.876,0.813,0.883,0.817,0.87,,0.855,0.87,,0.725,0.901,0.858,0.293,,0.875,0.855,0.863,0.865,,,0.865,0.885,,0.893,,,0.845,0.888,0.888,0.88,0.866,,0.236,,0.855,0.889,0.839,,,0.865
2024-07-26 00:00:00+00:00,0.838,,0.881,0.367,0.863,0.829,0.887,0.823,0.868,,0.828,0.858,,0.587,0.869,0.837,0.308,,0.871,0.87,0.853,0.872,,,,0.877,,0.792,,,0.869,0.872,0.874,0.865,0.859,0.822,0.26,,,0.871,0.79,,,0.859
2024-08-25 00:00:00+00:00,0.867,,0.864,0.389,0.858,0.818,,0.839,0.863,,0.804,0.857,,0.531,0.855,0.841,0.148,,0.855,0.871,0.856,0.874,,,,0.865,,0.638,,,0.869,0.855,0.865,0.869,0.837,0.828,0.142,,,0.868,0.824,,,0.855
2024-09-24 00:00:00+00:00,0.872,,0.887,0.389,0.86,0.822,,0.844,0.868,,0.833,0.866,,0.551,0.864,0.857,,,0.875,0.875,0.865,0.888,,,,0.874,,0.505,,,0.872,0.868,0.872,0.886,0.856,0.83,0.175,,,0.888,0.83,0.734,,0.864
2024-10-24 00:00:00+00:00,0.812,0.478,,0.355,0.822,0.77,,0.797,0.827,,0.81,0.824,,0.489,0.828,0.814,,,0.837,0.818,0.832,0.807,,,,0.837,,0.411,,,0.813,0.838,0.822,0.823,0.826,0.787,0.15,,,0.853,0.773,0.701,,0.814
2024-11-23 00:00:00+00:00,0.757,0.477,,0.176,0.765,,,0.739,0.785,,0.754,0.751,,0.43,0.852,0.748,,,0.776,0.75,0.785,0.742,,,,0.841,0.749,0.488,,,0.721,0.795,0.756,0.749,0.754,0.711,0.149,,,0.801,0.711,0.613,,0.75
2024-12-23 00:00:00+00:00,0.696,0.493,,0.096,0.729,,,0.646,0.729,,0.676,0.662,,0.307,,0.677,,,0.697,0.671,0.709,0.653,,,,,0.702,0.547,,,0.61,0.72,0.671,0.659,0.628,0.664,0.094,,,0.727,0.614,0.538,,0.663
2025-01-22 00:00:00+00:00,0.675,,,0.068,,,,0.588,0.677,,0.606,0.613,,0.332,,0.652,,,0.635,0.602,0.652,0.647,,,,,0.636,0.649,,,0.546,0.676,0.592,0.625,0.494,0.609,0.139,,,0.681,0.583,0.481,,0.611
2025-02-21 00:00:00+00:00,0.691,,,0.085,,0.547,,0.568,0.668,,0.624,0.66,,0.361,,0.69,,,0.666,0.566,0.682,0.632,,,,0.7,0.651,0.64,,,,0.685,,0.611,0.522,0.65,0.171,,,0.701,0.566,0.511,,0.636
2025-03-23 00:00:00+00:00,0.736,,,0.235,0.755,0.642,,,0.721,,0.685,0.756,,0.532,,0.745,,,0.751,,0.753,0.707,,,,0.768,0.714,0.693,,,,0.745,,0.698,0.599,0.689,0.183,,,,0.67,0.554,,0.702
2025-04-22 00:00:00+00:00,0.8,,,0.449,0.865,,,,0.839,,0.806,0.826,,0.638,,0.849,,,0.805,0.801,0.866,0.804,,,,0.867,0.815,,,,,0.847,,0.824,0.791,0.791,0.221,,,,0.792,,,0.806
2025-05-22 00:00:00+00:00,0.833,,,0.667,0.895,,,0.867,0.885,,0.886,,,,,,0.828,,0.858,0.893,0.902,0.846,,,,0.9,0.875,,,,,0.89,,0.886,0.892,0.884,0.298,,,,0.815,,,0.884
2025-06-21 00:00:00+00:00,0.862,,,0.672,0.906,,,0.887,0.901,,0.917,,,,,,0.687,,0.816,0.899,0.892,0.858,,,,0.907,0.902,,,,,0.906,,0.899,0.909,0.905,0.278,,,,0.821,0.847,,0.896
2025-07-21 00:00:00+00:00,0.901,,,0.614,0.9,,,0.869,0.884,,0.897,,,0.793,,,0.531,,0.706,0.888,0.867,0.846,,,,,0.9,,,,0.882,0.896,,0.892,0.885,0.918,0.243,,,,0.825,0.828,,0.882
2025-08-20 00:00:00+00:00,,,,0.478,0.858,,,0.821,0.833,,0.854,,,0.79,,,0.417,,0.511,0.85,0.82,0.785,,,,,0.851,,,,0.845,0.852,,0.844,0.844,,0.214,,,,0.784,0.81,,0.821
2025-09-19 00:00:00+00:00,,,,0.397,0.825,,,0.757,0.796,,0.802,,0.773,0.747,,,0.284,,0.329,0.817,0.795,0.751,,,,,0.831,,,,0.828,0.827,,0.812,0.844,,0.19,,,,0.734,0.774,,0.784
2025-10-19 00:00:00+00:00,,,0.582,0.316,0.783,,,0.67,0.738,,0.74,,0.704,0.669,,,0.236,,0.229,0.771,0.74,0.706,,,,,0.767,,,,0.805,0.795,,0.755,,,0.209,,,,0.676,0.727,,0.717
2025-11-18 00:00:00+00:00,,,0.519,0.232,0.683,,,0.58,0.65,,0.627,,0.608,0.562,,,0.222,,0.229,0.671,0.655,0.616,,,,,,,,,,0.682,,0.651,,,0.224,,,,0.589,0.624,,0.612
2025-12-18 00:00:00+00:00,,,0.485,0.172,0.629,,,0.48,0.602,,0.528,,0.556,,0.579,,0.281,,0.28,0.632,0.595,0.55,,,,,,,,,,0.629,,0.57,,,0.292,,,,0.56,0.564,,0.558
2026-01-17 00:00:00+00:00,,,0.499,0.116,0.613,,,0.484,0.606,,0.509,,0.558,,0.619,,0.298,,0.301,0.613,0.588,0.539,,,,,,,,,,0.554,,0.529,,,0.278,,,,0.571,0.511,,0.534
2026-02-16 00:00:00+00:00,,,0.62,,0.685,,,,0.666,,0.558,,,,0.656,,0.399,,0.405,0.653,0.575,0.612,,,,,,,,,,,,,,,0.341,0.648,,,0.612,0.552,,0.612
2026-03-18 00:00:00+00:00,,,,,0.648,0.119,,,0.6,,0.652,,,,0.58,,0.388,,0.424,0.583,0.527,0.563,,,,,,,,,,,,,,,0.353,0.582,,,,0.528,,0.563
2026-04-17 00:00:00+00:00,,,,,0.657,0.195,,,0.592,,,,,,0.607,,0.354,,0.395,0.619,0.545,0.565,,,,,,,,,,,,,,,0.307,0.602,,,,0.586,,0.576
2026-05-17 00:00:00+00:00,,,,,0.71,0.308,,0.622,0.588,,,,,,0.675,,0.294,,0.359,0.688,0.631,0.609,,,,,,,,,,,,,,,0.263,0.667,,,,0.648,,0.622
2026-06-16 00:00:00+00:00,,,,,0.713,0.402,,0.643,,,,,,,0.692,,0.324,,0.321,0.697,0.675,0.618,,,,,,,,,,,,,,,0.215,0.682,,,,0.679,,0.659
2026-07-16 00:00:00+00:00,,,,,0.768,0.469,,0.697,,,,,,,0.74,,,,0.263,0.759,0.741,0.681,,,,,,,,,,,,,,,0.214,0.762,,,,0.73,,0.73
2026-08-15 00:00:00+00:00,,,,,0.729,0.446,,0.671,,,,,,,,,,,0.192,0.71,0.72,0.655,,,,,,,,,,,,,,,0.148,0.735,,,,0.704,,0.688
