,site,action,n_detectors,valid_days,last_day,reason
SL050,SL050 - Bardsey,replace,3,1000,2026-08-10 00:00:00+00:00,"agrees with the network on only 32% of days; reads 2.2 µg/m³ low (offset -1.99, gain 0.98); started reading low on 2024-02-18"
SL008,SL008 Westgate Primary,visit,2,920,2026-07-05 00:00:00+00:00,channels disagree on 22% of readings above 15 µg/m³; started reading low on 2022-07-27
SL024,SL024 Wetherby Town Centre,visit,2,1395,2026-08-10 00:00:00+00:00,"reads 1.1 µg/m³ low (offset +0.10, gain 0.92); started reading low on 2025-03-10"
SL027,SL027 - SEE Building (new),visit,2,1272,2026-08-10 00:00:00+00:00,"reads 1.5 µg/m³ high (offset +0.11, gain 1.10); started reading high on 2022-10-28"
SL051,SL051 - Bramham,visit,2,331,2026-08-10 00:00:00+00:00,agrees with the network on only 31% of days; started reading high on 2023-11-01
SL056,SL056 - Infirmary Street/East Parade,visit,2,760,2026-08-10 00:00:00+00:00,"reads 1.2 µg/m³ high (offset +0.57, gain 1.04); started reading high on 2023-07-07"
SL018,SL018 East Ardsley A650,restore,3,584,2026-01-24 00:00:00+00:00,"channels disagree on 31% of readings above 15 µg/m³; agrees with the network on only 55% of days; started reading low on 2022-10-13, since settled; no data for 198 days"
SL021,SL021 Kippax Church Lane,restore,3,696,2025-12-02 00:00:00+00:00,"channels disagree on 31% of readings above 15 µg/m³; reads 1.2 µg/m³ high (offset -0.02, gain 1.08); started reading high on 2023-06-06; no data for 251 days"
SL044,SL044 Back Granville Terrace,restore,3,926,2026-04-07 00:00:00+00:00,"channels disagree on 30% of readings above 15 µg/m³; reads 1.8 µg/m³ low (offset +0.09, gain 0.88); started reading low on 2022-12-04, since settled; no data for 125 days"
SL001,SL001 Sunnyview Terrace,restore,2,866,2025-06-23 00:00:00+00:00,channels disagree on 33% of readings above 15 µg/m³; started reading low on 2022-03-13; no data for 413 days
SL006,SL006 - Primrose Hill Primary,restore,2,723,2025-12-10 00:00:00+00:00,agrees with the network on only 48% of days; started reading low on 2024-05-14; no data for 243 days
SL015,SL015 - Garforth Main Street,restore,2,573,2024-04-30 00:00:00+00:00,"reads 1.1 µg/m³ high (offset +0.44, gain 1.04); started reading high on 2022-10-01; no data for 832 days"
SL019,SL019 Cornwall Crescent Rothwell,restore,2,1044,2026-01-21 00:00:00+00:00,"reads 1.8 µg/m³ high (offset +0.28, gain 1.10); started reading high on 2022-09-26; no data for 201 days"
SL029,SL029 Thorpe Primary School,restore,2,266,2023-12-26 00:00:00+00:00,"reads 1.1 µg/m³ low (offset -0.06, gain 0.93); started reading low on 2023-06-03, since settled; no data for 958 days"
SL032,"SL032   Armley Library, Stocks Hill",restore,2,274,2024-05-21 00:00:00+00:00,"channels disagree on 20% of readings above 15 µg/m³; reads 1.1 µg/m³ high (offset -0.05, gain 1.08); no data for 811 days"
SL035,SL035 Armouries Drive,restore,2,820,2025-03-07 00:00:00+00:00,channels disagree on 30% of readings above 15 µg/m³; started reading high on 2024-07-10; no data for 521 days
SL003,SL003 - Corn Exchange Cabinet,restore,1,770,2025-02-21 00:00:00+00:00,started reading high on 2022-07-25; no data for 535 days
SL009,SL009 - Roundhay Golf Club,restore,1,231,2024-06-20 00:00:00+00:00,"reads 1.2 µg/m³ low (offset +0.16, gain 0.91); no data for 781 days"
SL012,"SL012 - Fountain Street, Morley",restore,1,1293,2026-04-12 00:00:00+00:00,started reading high on 2023-09-02; no data for 120 days
SL016,SL016 Scholes Main Street,restore,1,1130,2026-02-06 00:00:00+00:00,"started reading low on 2022-10-11, since settled; no data for 185 days"
SL028,"SL028 - Spring Gardens, Harewood",restore,1,127,2023-12-19 00:00:00+00:00,started reading low on 2023-10-03; no data for 965 days
SL037,SL037 Lotherton Hall,restore,1,268,2024-07-19 00:00:00+00:00,channels disagree on 83% of readings above 15 µg/m³; no data for 752 days
SL038,SL038 Ingram Road Primary,restore,1,450,2025-09-14 00:00:00+00:00,"started reading high on 2024-02-29, since settled; no data for 330 days"
SL042,SL042 Manston Grove,restore,1,796,2025-12-14 00:00:00+00:00,started reading high on 2023-11-06; no data for 239 days
SL045,SL045 Collingham,restore,1,401,2025-06-20 00:00:00+00:00,started reading low on 2025-03-10; no data for 416 days
SL068,SL068 - Bracken Edge Primary,restore,1,377,2023-11-06 00:00:00+00:00,"reads 1.2 µg/m³ low (offset +0.39, gain 0.89); no data for 1008 days"
SL005,SL005 Kirkstall Valley Primary,restore,0,728,2026-02-06 00:00:00+00:00,no data for 185 days
SL017,SL017 - Boston Spa Town Centre,restore,0,783,2025-08-11 00:00:00+00:00,no data for 364 days
SL023,SL023 Nelson Street Otley,restore,0,425,2024-01-28 00:00:00+00:00,no data for 925 days
SL033,SL033 - Whinmoor Library,restore,0,581,2025-07-03 00:00:00+00:00,no data for 403 days
SL036,SL036 - Bramhope,restore,0,140,2024-03-15 00:00:00+00:00,no data for 878 days
SL040,SL040 Beckett Park,restore,0,877,2026-03-17 00:00:00+00:00,no data for 146 days
SL041,SL041 - Knowsthorpe Gate,restore,0,432,2024-12-31 00:00:00+00:00,no data for 587 days
SL054,SL054 - Wetherby Racecourse (replacement),restore,0,116,2024-06-05 00:00:00+00:00,no data for 796 days
SL055,SL055 - Temple Newsam,restore,0,557,2025-02-14 00:00:00+00:00,no data for 542 days
SL011,"SL011 - West End Grove, Horsforth",watch,1,1000,2026-08-10 00:00:00+00:00,channels disagree on 21% of readings above 15 µg/m³
SL022,SL022 Church Lane Horsforth,watch,1,875,2026-06-17 00:00:00+00:00,started reading low on 2024-04-08
SL026,SL026 Richmond Avenue,watch,1,1023,2026-08-10 00:00:00+00:00,channels disagree on 20% of readings above 15 µg/m³
SL034,"SL034  - Bramley Library, Hough Lane",watch,1,648,2026-08-07 00:00:00+00:00,channels disagree on 35% of readings above 15 µg/m³
SL062,SL062 Stainburn View,watch,1,676,2026-08-10 00:00:00+00:00,"reads 1.1 µg/m³ low (offset +0.10, gain 0.92)"
SL007,SL007 Ninelands Primary,healthy,0,1310,2026-08-10 00:00:00+00:00,no detector fired
SL020,SL020- Rothwell Community Hub,healthy,0,873,2026-06-15 00:00:00+00:00,no detector fired
SL025,SL025 - Oakwood,healthy,0,1218,2026-08-10 00:00:00+00:00,no detector fired
